Id;Label
01p4100000Ju5uqAAB;RP_AccountInformationManagerController
01p4100000Ju5upAAB;RP_AccountInformationManagerContTest
01p4100000Kre01AAB;RP_AccountManager
01p4100000Kre02AAB;RP_AccountManagerTest
01p4100000Ju5urAAB;RP_AccountSwitcherController
01p4100000Ju5usAAB;RP_AccountSwitcherControllerTest
01p4100000MXhMlAAL;RP_AccountTrigger_Test
01p4100000Ju5utAAB;RP_AddGiftController
01p4100000Ju5uuAAB;RP_AddGiftControllerTest
01p4100000Ju5uvAAB;RP_AffiliatedContactsController
01p4100000Ju5uwAAB;RP_AffiliatedContactsControllerTest
01p2i0000004GJGAA2;RP_Application
01p4100000KMlu2AAD;RP_BatchACHSettledTransactionCheck
01p2i0000004FxpAAE;RP_BatchACHSettledTransactionCheckTest
01p4100000KMlu3AAD;RP_BatchCCExpirationNotification
01p4100000KMlu4AAD;RP_BatchCDSImport
01p4100000KMlu5AAD;RP_BatchCDSImportTest
01p4100000KMlu6AAD;RP_BatchCheckUtil
01p4100000NERoOAAX;RP_BatchCheckUtilTest
01p4100000Ju5uxAAB;RP_BatchCreateLawsonAllocations
01p4100000Ju5uyAAB;RP_BatchCreateOrders
01p4100000Ju5v2AAB;RP_BatchCreateprintshop_start
01p4100000Ju5v3AAB;RP_BatchCreateprintshop_start_Test
01p4100000Ju5uzAAB;RP_BatchCreateprintshopCash_nonCash
01p4100000NERoQAAX;RP_BatchCreateprintshopCash_nonCash_Test
01p4100000Ju5v0AAB;RP_BatchCreateprintshopHON
01p4100000Ju5v1AAB;RP_BatchCreateprintshopHON_Test
01p4100000NERoPAAX;RP_BatchCreatePS_nonCash_VehicleO_Test
01p4100000MFK4SAAX;RP_BatchCreatePS_nonCash_VehiclesOther
01p4100000MFK4RAAX;RP_BatchCreatePS_UpdatesAndPledges
01p220000009gyQAAQ;RP_BatchCreatePS_UpdatesAndPledgesTest
01p4100000KMlu7AAD;RP_BatchExceptionTransactionCheck_Test
01p4100000Kre03AAB;RP_BatchExpirationNotification
01p4100000NERoRAAX;RP_BatchExpirationNotificationTest
01p4100000NERoSAAX;RP_BatchFailTest
01p2i000000KaUPAA0;RP_BatchInvoiceSubscription
01p2i000000KaUQAA0;RP_BatchInvoiceSubscriptionTest
01p2i000000KaURAA0;RP_BatchPayment
01p2i000000KaUSAA0;RP_BatchPaymentTest
01p4100000Ju5v6AAB;RP_BatchPrivateContacts
01p4100000Ju5v7AAB;RP_BatchPrivateContacts_Scheduler
01p22000000E63TAAS;RP_BatchPrivateContactsTest
01p4100000KMlu9AAD;RP_BatchProcessCalloutExceptions
01p4100000NDXnfAAH;RP_BatchProcessCalloutExceptionsTest
01p4100000NRArFAAX;RP_BatchProcessFailedCDSTrans
01p4100000NRArGAAX;RP_BatchProcessFailedCDSTransTest
01p4100000KMluAAAT;RP_BatchProcessFailedTransactions
01p22000000E63UAAS;RP_BatchProcessFailedTransactionsTest
01p4100000NSA8YAAX;RP_BatchTSYSTransactionAudit
01p4100000NSA8ZAAX;RP_BatchTSYSTransactionAuditTest
01p4100000Ju5vAAAR;RP_BatchUpdateMU
01p4100000NSU9RAAX;RP_BatchUtility
01p4100000NSU9SAAX;RP_BatchUtility_Test
01p4100000Ju5vBAAR;RP_BillingAddressController
01p4100000Ju5vCAAR;RP_BillingAddressControllerTest
01p4100000Ju5vDAAR;RP_BillingInvoiceService
01p2i0000004FxqAAE;RP_BillingInvoiceServiceTest
01p22000000EAOSAA4;RP_BillingInvoiceTriggerHelper
01p4100000NQreyAAD;RP_BlngPaymentTriggerHandler
01p4100000NQrezAAD;RP_BlngPaymentTriggerHandler_Test
01p2i0000006W5KAAU;RP_BlngPaymentUtil
01p4100000N4lAdAAJ;RP_BulkCheckoutControllerTest
01p1K00000N8dxSQAR;RP_CaptchaFormEmbedController
01p4100000Ju5wnAAB;RP_checkNonSettledTransfirst
01p4100000Ju5woAAB;RP_checkNonSettledTransfirst_TEST
01p4100000Ju5vGAAR;RP_CheckoutController
01p4100000Ju5vHAAR;RP_CheckoutControllerTest
01p4100000Ju5wpAAB;RP_checkRecursive
01p4100000Ju5vIAAR;RP_CommunityNavigationBarController
01p4100000NDXngAAH;RP_CommunityNavigationBarControllerTest
01p4100000Ju5vJAAR;RP_CommunityThemeController
01p4100000NERoTAAX;RP_CommunityThemeControllerTest
01p4100000Ju5vKAAR;RP_ConfirmationController
01p4100000Ju5vLAAR;RP_ConfirmationControllerTest
01p4100000Ju5vMAAR;RP_ContactAddressController
01p4100000Ju5vNAAR;RP_ContactAddressControllerTest
01p4100000Ju5vOAAR;RP_ContactManager
01p4100000Ju5vPAAR;RP_ContactManagerTest
01p4100000Ju5wqAAB;RP_createNPSPPayment
01p4100000Ju5vQAAR;RP_CreateOrder_and_lines
01p4100000Ju5wrAAB;RP_createorderline_TEST
01p1K00000N8YVYQA3;RP_CreatePaymentAndPailBatch
01p1K00000N8YVZQA3;RP_CreatePaymentAndPailBatchTest
01p4100000NQrf0AAD;RP_DAFTriggerHandler
01p4100000NQrf1AAD;RP_DAFTriggerHandler_Test
01p2i000000KVWaAAO;RP_DonationProcessingBase
01p2i0000005CtfAAE;RP_DonationProcessingDataService
01p2i0000005CteAAE;RP_DonationProcessingDMLWrapper
01p4100000Ju5vRAAR;RP_DonationProcessingNew
01p4100000Ju5vSAAR;RP_DonationProcessingSFObj
01p4100000Ju5vUAAR;RP_DonationProcessingTest
01p4100000Ju5vTAAR;RP_DonationProcessingTF
01p4100000Ju5vVAAR;RP_DonationProcessingUtil
01p4100000MaUAtAAN;RP_ElectronicRefundCall
01p2i000000KILdAAO;RP_ElectronicRefundCall_Test
01p4100000Ju5vWAAR;RP_EmailMURP
01p4100000NDXnhAAH;RP_EmailMURPTest
01p4100000Ju5vXAAR;RP_GenerateDependentStateSettings
01p4100000Ju5vYAAR;RP_GenerateDependentStateSettingsMock
01p4100000Ju5vZAAR;RP_GenerateDependentStateSettingsTest
01p4100000Lkr4RAAR;RP_GetAccountTaxDeductibleTotal
01p4100000Lkr4SAAR;RP_GetAccountTaxDeductibleTotalTest
01p4100000NRGd9AAH;RP_GetReceiptGiftYearTotalController
01p4100000NRGdAAAX;RP_GetReceiptGiftYearTotalControllerTest
01p4100000Ju5vaAAB;RP_GiftDesignationController
01p4100000Ju5vbAAB;RP_GiftDesignationControllerTest
01p4100000Ju5vcAAB;RP_GiftStatementBatchable
01p4100000Ju5vdAAB;RP_GiftStatementBatchable_Test
01p4100000Ju5veAAB;RP_GiftStatementController
01p4100000Ju5vfAAB;RP_GiftStatementController_Test
01p4100000Kre04AAB;RP_InvoiceLineManagerTest
01p4100000KMluCAAT;RP_InvoiceLineTriggerManager
01p4100000Ju5viAAB;RP_JavascriptButtonBusinessLogic
01p4100000Ju5vjAAB;RP_JavascriptButtonBusinessLogicTest
01p4100000Ju5vkAAB;RP_JavascriptButtonHandler
01p4100000Ju5vlAAB;RP_JavascriptButtonImpl
01p22000000E63VAAS;RP_JavascriptButtonImplTest
01p4100000Ju5vnAAB;RP_LawsonAllocation
01p4100000Ju5voAAB;RP_LawsonAllocation_TEST
01p4100000Ju5vpAAB;RP_MatchingUtil
01p4100000Ju5vqAAB;RP_MatchingUtilTest
01p4100000Ju5vrAAB;RP_MockHttpResponseGenerator
01p4100000Ju5vsAAB;RP_MyPastGiftsWrapper
01p4100000Ju5vtAAB;RP_MyPastGiftsWrapperTest
01p4100000Ju5vuAAB;RP_MyRecurringPaymentsWrapper
01p4100000Ju5vvAAB;RP_MyRecurringPaymentsWrapperTest
01p4100000KsfqwAAB;RP_OpportunityEditWarningController
01p4100000KsfqxAAB;RP_OpportunityEditWarningControllerTest
01p4100000Ju5vyAAB;RP_OpportunityTriggerHandler
01p4100000KMluDAAT;RP_OpportunityTriggerHandlerTest
01p4100000NQrf2AAD;RP_OpportunityTriggerHandlerTest2
01p4100000Ju5vwAAB;RP_OppTerrAssignLogicFilter
01p4100000Ju5vxAAB;RP_OppTerrAssignLogicFilterTest
01p4100000Ju5vzAAB;RP_OrderProductManager
01p4100000Ju5w0AAB;RP_OrderProductManagerTest
01p4100000Ju5w2AAB;RP_PAIL_TEST
01p4100000NQrf3AAD;RP_PAILTriggerHandler
01p4100000NQrf4AAD;RP_PAILTriggerHandler_Test
01p4100000Ju5w3AAB;RP_PastGiftLetterController
01p4100000Ju5w4AAB;RP_PastGiftLetterControllerTest
01p4100000Ju5w5AAB;RP_PaymentInformationController
01p4100000Ju5w6AAB;RP_PaymentInformationControllerTest
01p4100000Kre05AAB;RP_PaymentMethodManager
01p4100000KsfqyAAB;RP_PaymentMethodManagerTest
01p4100000Ju5w8AAB;RP_PrintShop
01p4100000Ju5wAAAR;RP_PrintShop_TestController
01p4100000KMluEAAT;RP_PrintShopService
01p4100000KMluFAAT;RP_PrintShopServiceTest
01p4100000KMluGAAT;RP_PrintShopTest
01p4100000Ju5w9AAB;RP_PrintShopTriggerManager
01p4100000NR1iaAAD;RP_ProcessFailedCDSTrans
01p4100000NR1ibAAD;RP_ProcessFailedCDSTransTest
01p4100000KMluHAAT;RP_ProcessFailedRecurringTrans
01p4100000KMluIAAT;RP_ProcessFailedRecurringTrans_Test
01p4100000KMluJAAT;RP_ProcessPaymentBO
01p4100000KMluKAAT;RP_ProcessPaymentBOTest
01p4100000NdfWZAAZ;RP_RunBatchClassForTop250Household
01p4100000Ju5wBAAR;RP_RunScheduleClassForTop250Household
01p4100000Ju5wCAAR;RP_RunScheduleClassForTop250Household_UT
01p4100000Ju5wDAAR;RP_RunScheduleCreateOrders
01p4100000Ju5wEAAR;RP_RunScheduleLawsonAllocation
01p2i0000004FxrAAE;RP_RunScheduleLawsonAllocationTest
01p4100000KMluLAAT;RP_SendConfirmationUtility
01p22000000E63WAAS;RP_SendConfirmationUtilityTest
01p4100000KMluNAAT;RP_SendMemorialHonorConfirmation
01p4100000KMluOAAT;RP_SendMemorialHonorConfirmationTest
01p4100000Ju5wHAAR;RP_StockEmailTemplate_controller
01p4100000NDXniAAH;RP_StockEmailTemplate_controllerTest
01p4100000Ju5wKAAR;RP_TestDataManager
01p4100000Ju5wMAAR;RP_TransactionVO
01p4100000Ju5wNAAR;RP_TransactionVO_TEST
01p4100000KMluPAAT;RP_TransferAutomationController
01p4100000KMluQAAT;RP_TransferAutomationController_Test
01p4100000Ju5wPAAR;RP_TransfirstTestSetup
01p4100000Ju5wRAAR;RP_TributeLetterController
01p4100000Ju5wSAAR;RP_TributeLetterControllerTest
01p4100000NSA8dAAH;RP_TSYS_Transaction_Event_TriggerManager
01p4100000NSA8cAAH;RP_TSYS_Transaction_Event_TriggerManTest
01p4100000NSA8aAAH;RP_TSYSTransactionAudit
01p4100000NSA8bAAH;RP_TSYSTransactionAuditTest
01p4100000Ju5wTAAR;RP_UpdateContact
01p4100000Ju5wUAAR;RP_UpdateMU
01p4100000Ju5wVAAR;RP_UpdateMUTest
01p4100000Ju5wWAAR;RP_UpdateParentOpportunityAmount
01p4100000NERoUAAX;RP_UpdateParentOpportunityAmountTest
01p4100000Ju5wXAAR;RP_UserManager
01p4100000Ju5wYAAR;RP_UserManagerTest
01p4100000Ju5wZAAR;RP_UserPreferences
01p4100000Ju5waAAB;RP_UserPreferencesTest
01p4100000Ju5wbAAB;RP_UserRegistrationController
01p4100000Ju5wcAAB;RP_UserRegistrationControllerTest
01p4100000Ju5wdAAB;RP_Utilities
01p4100000Ju5weAAB;RP_UtilitiesTest
01p4100000Ju5wfAAB;RP_VanityUrlRedirectController
01p4100000Ju5wgAAB;RP_VanityUrlRedirectControllerTest
01p4100000Ju5whAAB;RP_WSCodeValidation
01p4100000Ju5wiAAB;RP_WSCodeValidation_Test
01p4100000Ju5wjAAB;RP_WSDonorSearch
01p4100000Ju5wkAAB;RP_WSDonorSearch_TEST
01p4100000KtteRAAR;RP_YLGivingSitesRedirectController
01p4100000KtxkEAAR;RP_YLGivingSitesRedirectControllerTest